sample_id,time_s,displacement_mm,force_n
PCL_BREAK_TEST_01,0.0,0.0,0.0
PCL_BREAK_TEST_01,0.667,0.9,0.12
PCL_BREAK_TEST_01,1.333,1.8,0.26
PCL_BREAK_TEST_01,2.0,2.7,0.39
PCL_BREAK_TEST_01,2.667,3.6,0.5
PCL_BREAK_TEST_01,3.333,4.5,0.58
PCL_BREAK_TEST_01,4.0,5.4,0.65
PCL_BREAK_TEST_01,4.667,6.3,0.7
PCL_BREAK_TEST_01,5.333,7.2,0.735
PCL_BREAK_TEST_01,6.0,8.1,0.76
PCL_BREAK_TEST_01,6.667,9.0,0.78
PCL_BREAK_TEST_01,7.333,9.9,0.79
PCL_BREAK_TEST_01,8.0,10.8,0.785
PCL_BREAK_TEST_01,8.667,11.7,0.77
PCL_BREAK_TEST_01,9.333,12.6,0.75
PCL_BREAK_TEST_01,10.0,13.5,0.73
PCL_BREAK_TEST_01,10.667,14.4,0.71
PCL_BREAK_TEST_01,11.333,15.0,0.69
PCL_BREAK_TEST_01,12.0,15.5,0.12
